Iteration,XSAVEOPT,XSAVEC,XRSTORS,XORPS,VUNPCKLPD,VUNPCKHPH,VTESTPDVTESTPS,VSUBSH,VSQRTPSH,VSHUFI64X2,VSHUFI32X4,VSHUFF64X2,VSHUFF32X4,VSCATTERPF1QPS,VSCATTERPF1PS,VSCATTERPF0QPS,VSCALESH,VSCALESD/SS,VSCALEPD/PS,VRSQRTPSH,VRSQRT28SS,VRSQRT28PS,VRSQRT28PD,VRSQRT14PD/PS,VRNDSCALESD/SS,VRNDSCALEPD/PS,VREDUCESD/SS,VREDUCEPH,VRCPPH,VPTESTNMB/W,VREDUCESH,VPTESTMD/Q,VPTESTMB/W,VPSRLVW,VPSRLVD,VPSRAVW,VPSRAVQ,VPSRAVD,VSCATTERPF0PS,VPSLLVD,VPSCATTERQD/QQ,VSUBPH,VPRORD/Q,VPROLD/Q,VPSCATTERDD/DQ,VPMULLQ,VSCATTERPF1QPD,VPMOVUSQD,VSQRTPH,VPMOVUSDB,VPMOVSWB,VPMOVSQW,VPMOVSQD,VPMOVSQB,VPMOVSDW,VPMOVSDB,VPMOVB2D/Q2M,VPMINSQ,VPMAXSQ,VPMASKMOV,VPGATHERQD,VPEXPANDD/Q,VPMOVM2B/W,VPERMW,VPERMT2PD/PS,VPERMPS,VPERMILPD,VPERMI2PD/PS,VPERMI2D/Q,VPERMI2B/W,VPERM2F128,VPGATHERDD,VPCOMPRESSQ/D,VPCMPW/UW,VPCMPD/UD,VPCMPB/UB,VPBROADCASTM,VPBROADCAST,XSAVES,VPBLENDMW,VPBLENDMB,VPBLENDD,VMULSH,VRNDSCALEPH,VMOVDQU32/64,VMINPS,VMINPH,VMOVSH,VMOVDQU64,VMAXPS,VMAXPH,VMASKMOV,VINSERTI32x4,VINSERTI32X4/64X4,VINSERTI128,VINSERTF32X4/64X4,VINSERTF128,VGETMANTSH,ORPS,PMULHUW,VGETMANTPD/PS,VMOVDQA32/64,PMULDQ,VGATHERQPS,VPERMQ,DIVSS,VGATHERQPD,VGATHERDPS,VPBROADCASTB/W,ADDSUBPS,VGATHERDPD,VFPCLASSPD/PS,VFMULCSH,VFMULCPH,VZEROUPPER,PACKSSWB,VFMADDCSH,VFMADD132PH,VEXTRACTI64x4,CVTTPD2DQ,CVTPD2DQ,VEXTRACTF64x4,PSHUFD,VEXTRACTF32X4/64X4,CMPSD,MOVDQ2Q,PSLLQ,VEXPANDPD/PS,VEX2SD,VPMINUD/UQ,VEX2PS,VEXTRACTI32x4,VMULPH,VDIVSH,VCVTUW2PH,VCVTUSI2SH,VCVTUDQ2PD/PS,CVTTPS2DQ,VCVTQQ2PD/PS,MAXPD,PUNPCKLQDQ,VCONFLICTD/Q,VBROADCAST,VBLENDMPD/PS,VALIGND/Q,VFIXUPIMMSD/SS,VMOVDQU8/16,UNPCKLPS,UNPCKLPD,PSUBQ,VEXTRACTI64X2,UNPCKHPS,UCOMISD,VGETEXPPD/PS,SUBSD,SHUFPs,SHUFPS,SD2USI,VSCATTERPF0DPD,ROUNDSS,XGETBV,VSCATTERPF0QPD,SQRTPD,PSHUFHW,RCPPS,PXORD,XORPD,CLFLUSH,VGETEXPSD/SS,PXOR,VRSQRTPH,PUNPCKLBW,PUNPCKHWD,PUNPCKHQDQ,PUNPCKHDQ,PUNPCKHBW,PS2UQQ,PTEST,PSUBUSW,KSHIFTLQ,PSUBSW,VINSERTI64X2,LDMXCSR,VGETMANTSD/SS,PMINSQ,STMXCSR,MOVNTPS,PSRLQ,VSCATTERPF1DPD,PSRLD,VPROLVD/Q,PSLLW,UCOMISS,PSUBD,PSLLDQ,VPGATHERQQ,PSIGND,PMOVZXBW,RSQRTSS,KANDD,CVTDQ2PD,KORTESTB,MINPS,PSHUFW,VCVTUQQ2PH,PSHUFLW,VSCATTERQD/QQ,PSADBW,VCVTUQQ2PD/PS,UNPCKHPD,MOVDDUP,PS2UDQ,PS2QQ,VRCPPSH,PD2UDQ,PMULLW,PSIGNW,SUBPD,PMULLD,PMULHW,MULSS,RCPSS,PMOVZXWD,VINSERTF32x4,PMOVZXDQ,VFIXUPIMMPD/PS,PMOVZXBQ,PSHUFB,PMOVZXBD,PHADDD,PMOVSXDQ,XTEST,PMOVMSKB,PAVGW,PMOVZX,MOVNTQ,PMINUW,PMINUD,KANDQ,PMINSW,VGETEXPPH,PMAXUQ,SQRTSS,PMINSB,PMAXUD,PANDN,SQRTSD,VRSQRT28SD,PSRAQ,ANDPD,PMOVSXBD,VPMOVUSDW,PMAXUB,PMAXSW,MINSS,PMAXSD,KXORB,PMAXSB,PMADDWD,PMADDUBSW,MOVNTI,PINSRW,VPMOVB2M/W2M,PINSRQ,VPBLENDMD/Q,PHSUBW,ANDNPD,PHADDW,PSRLW,PMOVSXBW,PMAXUW,PEXTRQ,VINSERTI64x4,RSQRTPS,PEXTRD,VADDPH,PEXTRB,PD2UQQ,PCMPISTRM,PCMPGTW,PCMPGTD,VRSQRT14SD/SS,PCMPGTB,PCMPESTRM,VDBPSADBW,KSHIFTRW,VCMPPH,PINSRD,ADDPS,PCMPESTRI,KSHIFTLD,PCLMULQDQ,CVTSS2SI,VPERMILPS,PBLENDVB,PEXTRW,PAUSE,PADDUSB,PMOVSXWD,PADDUBSW,VGETEXPSH,MOVAPS,PADDSW,PADDSB,VREDUCEPD/PS,VFPCLASSSD/SS,PACKUSWB,MOVQ,KNOTB,PACKUSDW,KORTESTQ,VFPCLASSPH,KNOTW,VPSLLVQ,MOVLHPS,PACKSSDW,SHUFPD,VUNPCKLPH,PD2QQ,MOVMSKPD,MOVHPS,PABSQ,MOVSLDUP,KORQ,KORW,PABSD,KTESTB,MFENCE,ANDNPS,KORTESTW,PCMPEQD,MINPD,MWAIT,PSUBW,MOVLPD,VFPCLASSSH,MOVUPS,VRNDSCALESH,MULSD,VBROADCASTI128,PCMPEQW,PADDB,CVTPS2PD,MULPS,VMOVDQU32,MULPD,MPSADBW,VPMOVUSQB,CVTPD2PS,LDDQU,MOVSHDUP,VEX2SS,MOVQ2DQ,PSIGNB,PADDUSW,MOVNTPD,MOVNTDQ,MOVMSKPS,VINSERTF64X2,CVTDQ2PS,EMMS,MOVNTSS,KXNORD,COMISD,PMULUDQ,MOVHLPS,MOVDQA,VINSERTF64x4,VDIVPH,MOVD,VPERMPD,MOVAPD,PHADDSW,CVTPS2PI,INSERTQ,MINSD,POR,CVTTPS2PI,PADDD,VPERM2I128,CVTPI2PS,PUNPCKLWD,PSUBUSB,VPERMD,VCMPSH,MASKMOVQ,MASKMOVDQU,MXCSR,INSERTPS,MOVHPD,COMISS,DIVSD,CVTSD2SS,MOVUPD,KXORW,PSRLDQ,PMOVSXBQ,VADDSH,KUNPCKBW,EXTRACTPS,KTESTW,SS2USI,VSCALEPH,KTESTQ,MAXPS,KTESTD,CMPSS,KSHIFTRD,SUBPS,PMULHRSW,MOVSD,KSHIFTRB,VPMAXUD/UQ,KSHIFTLW,ROUNDPD,DIVPD,HSUBPS,DIVPS,KXORQ,KORTESTD,VFMADD213PH,KORB,KXNORB,VZEROALL,DPPD,PCMPEQQ,MAXSS,CRC32,HADDPD,KNOTQ,VEX2PD,VPGATHERDQ,PXORQ,SQRTPS,KADDB,PCMPEQB,PMINUB,MOVDMOVQ,SFENCE,KMOVW,VMOVW,ROUNDPS,PSRAD,MONITOR,KANDW,PHMINPOSUW,KANDNW,KANDNQ,PAND,VCVTUSI2USD/S,KANDND,VPMOVM2D/Q,KANDNB,KADDD,KADDW,KSHIFTRQ,VFMADDCPH,PMOVSX,KXNORQ,MOVNTSD,CMPPS,PABSB,PMOVSXWQ,KMOVQ,VEXTRACTI32X4/64X4,PMOVZXWQ,VPSLLVW,KADDQ,HSUBPD,ORPD,VPTESTNMD/Q,VCVTQQ2PH,PSLLD,PALIGNR,VPBROADCASTD/Q,KUNPCKDQ,KORD,MOVSS,HADDPS,PSRAW,PMINUQ,PADDQ,DPPS,KMOVD,EXTRQ,VCOMPRESSPD/PS,MOVAPs,MAXSD,ADDPD,PCMPGTQ,VPMOVUSWB,PHSUBSW,CVTSI2SS,VPSRAQ,MOVDQU,PBLENDW,PSUBB,BLENDPD,CVTTSS2SI,CVTTPD2PI,VPRORRD/Q,PMAXSQ,PINSRB,KUNPCKWD,ADDSS,VEXTRACTF32x4,CVTTSD2SI,CVTSS2SD,CVTSI2SD,SUBSS,VUNPCKHPD,VSCATTERDD/DQ,CVTSD2SI,PABSW,VEXTRACTF64X2,PHSUBD,KMOVB,PCMPISTRI,PAVGB,LFENCE,MOVLPS,CVTPD2PI,CVTPS2DQ,VEXTRACTI128,CVTPI2PD,BLENDVPS,PSUBSB,PADDW,KXORD,ROUNDSD,VPSRLVQ,PMINSD,KNOTD,KANDB,VFNMADD132PH,CMPPD,VPMOVUSQW,PUNPCKLDQ,FISTTP,VGETMANTPH,MOVNTDQA,ADDSD,VPERMT2D/Q,VPCMPQ/UQ,BLENDVPD,BLENDPS,VEXTRACTF128,ANDPS,VCVTW2PH,ADDSUBPD,KSHIFTLB
0,0,0,0,0,0,0,0,0,0,0,0,0,0,0,0,0,0,0,0,0,0,0,0,0,0,0,0,0,0,0,0,0,0,0,0,0,0,0,0,0,0,0,0,0,0,0,0,0,0,0,0,0,0,0,0,0,0,0,0,0,0,0,0,0,0,0,0,0,0,0,0,0,0,0,0,0,0,0,0,0,0,0,0,0,0,0,0,0,765765302,0,0,0,0,0,0,0,32,0,0,0,0,0,0,0,0,69,0,0,0,0,0,0,0,0,306832080,0,0,0,0,0,0,0,368,0,0,0,0,0,0,0,0,0,0,0,0,0,0,0,0,0,104634,0,0,0,0,0,0,0,0,9767,0,0,602850,0,165865,0,0,0,0,0,0,0,0,0,0,0,0,2196,0,12617082268,0,373,14,40,0,7,0,0,0,0,0,0,0,0,0,0,0,0,0,0,0,0,10115212012,0,2,0,0,0,0,0,0,0,0,0,0,0,0,0,0,0,0,0,0,0,0,0,0,0,0,0,67579635266,0,0,0,0,0,0,0,0,0,0,0,480,0,0,0,0,0,0,0,0,0,0,0,0,1947,585336,0,0,26206,0,0,0,0,0,0,0,0,0,0,0,0,0,0,0,0,12676,0,0,0,0,0,0,0,0,0,0,0,0,14,0,0,14,0,0,0,0,0,0,0,0,0,0,0,0,0,0,0,0,0,0,47616996299,0,0,0,0,0,227303,0,0,0,0,0,0,0,0,29,0,0,0,12445,0,0,0,0,0,0,1406,0,0,1948,0,0,0,0,0,201891,0,1633424,0,0,0,0,0,4048,0,0,0,0,0,0,0,0,0,0,0,0,0,0,0,0,0,0,1649838,0,0,25272,0,0,7538598057,0,2217748,0,0,0,0,3796,0,42,0,0,380,0,0,0,0,0,0,0,0,2500116187,56139,0,0,0,15,0,0,0,0,0,0,0,0,0,0,0,0,0,0,0,0,0,0,0,0,0,0,0,0,0,0,0,0,0,0,0,0,0,0,0,0,0,0,0,1214,366,0,0,611970832,0,0,0,0,0,0,0,0,7,0,0,0,0,0,0,0,0,0,0,0,0,0,0,318213,0,0,0,0,0,12676,0,0,0,0,0,0,0,285548732630,0,0,0,65,0,0,0,0,0,653840,0,0,0,0,2500116284,0,39346,0,2,0,41,0,0,0,0,0,95042664246,0,191260,52,936165,57502672301,0,0,0,0,0,0,0,0,0,0,0,0,0,0,0,0,0,0,0,0,0,0,0,0,0,0,0,16,0,0,0,1147480,0,0,0,0,76496386,0,0,0,0
1,0,0,0,0,0,0,0,0,0,0,0,0,0,0,0,0,0,0,0,0,0,0,0,0,0,0,0,0,0,0,0,0,0,0,0,0,0,0,0,0,0,0,0,0,0,0,0,0,0,0,0,0,0,0,0,0,0,0,0,0,0,0,0,0,0,0,0,0,0,0,0,0,0,0,0,0,0,0,0,0,0,0,0,0,0,0,0,0,765001896,0,0,0,0,0,0,0,0,0,0,0,0,0,0,0,0,47,0,0,0,0,0,0,0,0,306507773,0,0,0,0,0,0,0,122,0,0,0,0,0,0,0,0,0,0,0,0,0,0,0,0,0,97019,0,0,0,0,0,0,0,0,9748,0,0,681895,0,186099,0,0,0,0,0,0,0,0,0,0,0,0,1117,0,12592901480,0,110,16,28,0,8,0,0,0,0,0,0,0,0,0,0,0,0,0,0,0,1,10095690351,0,0,0,0,0,0,0,0,0,0,0,0,0,0,0,0,0,0,0,0,0,0,0,0,0,0,0,67448558883,0,0,0,0,0,0,0,0,0,0,0,102,0,0,0,0,0,0,0,0,0,0,0,0,1025,665152,0,0,25934,0,0,0,0,0,0,0,0,0,0,0,0,0,0,0,0,12657,0,1,0,0,0,0,0,0,0,0,0,0,16,0,0,16,0,0,0,0,0,0,0,0,0,0,0,0,0,0,0,0,0,0,47524686415,0,0,0,0,0,207982,0,0,0,0,0,0,0,0,29,0,0,0,7306,0,0,0,0,0,0,622,0,0,1571,0,0,0,0,0,192346,0,1832854,0,0,0,0,0,2716,0,0,0,0,0,0,0,0,0,0,0,0,0,0,0,0,0,0,1870621,0,0,18234,0,0,7524004080,0,2496487,0,0,0,0,2079,0,38,0,0,118,0,0,0,0,0,0,0,0,2495264393,55220,226,0,0,60,0,0,0,0,0,0,0,0,0,0,0,0,0,0,0,0,0,0,0,0,0,0,0,0,0,0,0,0,0,0,0,0,0,0,0,0,0,0,0,306,102,0,0,611360064,0,0,0,0,0,0,0,0,8,0,0,0,0,0,0,0,0,0,0,0,0,0,0,317350,0,0,0,0,0,12657,0,0,0,0,0,0,0,284995087626,0,0,0,260,0,0,0,0,0,733478,0,0,0,0,2495264403,0,40715,0,0,0,25,0,0,0,0,0,94858255538,0,211194,272,1033450,57391079670,0,0,0,0,0,0,0,0,0,0,0,0,0,0,0,0,0,0,0,0,0,0,0,0,0,0,0,8,0,0,0,1288964,0,0,0,0,76420008,0,0,0,0
2,0,0,0,0,0,0,0,0,0,0,0,0,0,0,0,0,0,0,0,0,0,0,0,0,0,0,0,0,0,0,0,0,0,0,0,0,0,0,0,0,0,0,0,0,0,0,0,0,0,0,0,0,0,0,0,0,0,0,0,0,0,0,0,0,0,0,0,0,0,0,0,0,0,0,0,0,0,0,0,0,0,0,0,0,0,0,0,0,764356909,0,0,0,0,0,0,0,0,0,0,0,0,0,0,0,0,3,0,0,0,0,0,0,0,0,306225610,0,0,0,0,0,0,0,0,0,0,0,0,0,0,0,0,0,0,0,0,0,0,0,0,0,84219,0,0,0,0,0,0,0,0,9326,0,0,728568,0,197044,0,0,0,0,0,0,0,0,0,0,0,0,1,0,12039028448,0,0,0,0,0,0,0,0,0,0,0,0,0,0,0,0,0,0,0,0,0,0,9652495150,0,0,0,0,0,0,0,0,0,0,0,0,0,0,0,0,0,0,0,0,0,0,0,0,0,0,0,64457578857,0,0,0,0,0,0,0,0,0,0,0,0,0,0,0,0,0,0,0,0,0,0,0,0,0,713584,0,0,24275,0,0,0,0,0,0,0,0,0,0,0,0,0,0,0,0,12120,0,0,0,0,0,0,0,0,0,0,0,0,0,0,0,0,0,0,0,0,0,0,0,0,0,0,0,0,0,0,0,0,0,0,45419851753,0,0,0,0,0,179405,0,0,0,0,0,0,0,0,10,0,0,0,1513,0,0,0,0,0,0,2,0,0,1,0,0,0,0,0,106491,0,1945559,0,0,0,0,0,2408,0,0,0,0,0,0,0,0,0,0,0,0,0,0,0,0,0,0,1999916,0,0,10246,0,0,7191647845,0,2658032,0,0,0,0,0,0,0,0,0,0,0,0,0,0,0,0,0,0,2384489720,52400,0,0,0,62,0,0,0,0,0,0,0,0,0,0,0,0,0,0,0,0,0,0,0,0,0,0,0,0,0,0,0,0,0,0,0,0,0,0,0,0,0,0,0,0,0,0,0,610846672,0,0,0,0,0,0,0,0,0,0,0,0,0,0,0,0,0,0,0,0,0,0,0,316892,0,0,0,0,0,12120,0,0,0,0,0,0,0,272366326675,0,0,0,262,0,0,0,0,0,778894,0,0,0,0,2384489705,0,11024,0,0,0,0,0,0,0,0,0,90648786466,0,221328,55,1083851,54843262527,0,0,0,0,0,0,0,0,0,0,0,0,0,0,0,0,0,0,0,0,0,0,0,0,0,0,0,0,0,0,0,1366344,0,0,0,0,76355834,0,0,0,0
3,0,0,0,0,0,0,0,0,0,0,0,0,0,0,0,0,0,0,0,0,0,0,0,0,0,0,0,0,0,0,0,0,0,0,0,0,0,0,0,0,0,0,0,0,0,0,0,0,0,0,0,0,0,0,0,0,0,0,0,0,0,0,0,0,0,0,0,0,0,0,0,0,0,0,0,0,0,0,0,0,0,0,0,0,0,0,0,0,765719385,0,0,0,0,0,0,0,0,0,0,0,0,0,0,0,0,17,0,0,0,0,0,0,0,0,306778478,0,0,0,0,0,0,0,79,0,0,0,0,0,0,0,0,0,0,0,0,0,0,0,0,0,91107,0,0,0,0,0,0,0,0,9501,0,0,822569,0,221711,0,0,0,0,0,0,0,0,0,0,0,0,391,0,12265528795,0,34,0,13,0,0,0,0,0,0,0,0,0,0,0,0,0,0,0,0,0,0,9833538975,0,0,0,0,0,0,0,0,0,0,0,0,0,0,0,0,0,0,0,0,0,0,0,0,0,0,0,65678382986,0,0,0,0,0,0,0,0,0,0,0,34,0,0,0,0,0,0,0,0,0,0,0,0,210,805696,0,0,25545,0,0,0,0,0,0,0,0,0,0,0,0,0,0,0,0,12332,0,0,0,0,0,0,0,0,0,0,0,0,0,0,0,0,0,0,0,0,0,0,0,0,0,0,0,0,0,0,0,0,0,0,46279070753,0,0,0,0,0,193995,0,0,0,0,0,0,0,0,85,0,0,0,3728,0,0,0,0,0,0,226,0,0,1779,0,0,0,0,0,196205,0,2182606,0,0,0,0,0,2400,0,0,0,0,0,0,0,0,0,0,0,0,0,0,0,0,0,0,2261098,0,0,12515,0,0,7327345583,0,2986591,0,0,0,0,740,0,0,0,0,34,0,0,0,0,0,0,0,0,2429699682,53443,589,0,0,22,0,0,0,0,0,0,0,0,0,0,0,0,0,0,0,0,0,0,0,0,0,0,0,0,0,0,0,0,0,0,0,0,0,0,0,0,0,0,0,102,34,0,0,611933184,0,0,0,0,0,0,0,0,0,0,0,0,0,0,0,0,0,0,0,0,0,0,0,317398,0,0,0,0,0,12332,0,0,0,0,0,0,0,277521210354,0,0,0,128,0,0,0,0,0,872296,0,0,0,0,2429699638,0,56387,0,0,0,12,0,0,0,0,0,92366832071,0,245216,356,1203362,55883091227,0,0,0,0,0,0,0,0,0,0,0,0,0,0,0,0,0,0,0,0,0,0,0,0,0,0,0,0,0,0,0,1537111,0,0,0,0,76491648,0,0,0,0
4,0,0,0,0,0,0,0,0,0,0,0,0,0,0,0,0,0,0,0,0,0,0,0,0,0,0,0,0,0,0,0,0,0,0,0,0,0,0,0,0,0,0,0,0,0,0,0,0,0,0,0,0,0,0,0,0,0,0,0,0,0,0,0,0,0,0,0,0,0,0,0,0,0,0,0,0,0,0,0,0,0,0,0,0,0,0,0,0,765740097,0,0,0,0,0,0,0,0,0,0,0,0,0,0,0,0,1,0,0,0,0,0,0,0,0,306777990,0,0,0,0,0,0,0,34,0,0,0,0,0,0,0,0,0,0,0,0,0,0,0,0,0,85410,0,0,0,0,0,0,0,0,9487,0,0,897967,0,239654,0,0,0,0,0,0,0,0,0,0,0,0,36,0,12249252108,0,34,0,0,0,0,0,0,0,0,0,0,0,0,0,0,0,0,0,0,0,0,9820374072,0,0,0,0,0,0,0,0,0,0,0,0,0,0,0,0,0,0,0,0,0,0,0,0,0,0,0,65589502490,0,0,0,0,0,0,0,0,0,0,0,34,0,0,0,0,0,0,0,0,0,0,0,0,15,882732,0,0,24678,0,0,0,0,0,0,0,0,0,0,0,0,0,0,0,0,12324,0,0,0,0,0,0,0,0,0,0,0,0,0,0,0,0,0,0,0,0,0,0,0,0,0,0,0,0,0,0,0,0,0,0,46216499902,0,0,0,0,0,180347,0,0,0,0,0,0,0,0,0,0,0,0,242,0,0,0,0,0,0,28,0,0,22,0,0,0,0,0,104703,0,2371121,0,0,0,0,0,2436,0,0,0,0,0,0,0,0,0,0,0,0,0,0,0,0,0,0,2465643,0,0,9988,0,0,7317470832,0,3252778,0,0,0,0,49,0,0,0,0,34,0,0,0,0,0,0,0,0,2426407662,53243,0,0,0,0,0,0,0,0,0,0,0,0,0,0,0,0,0,0,0,0,0,0,0,0,0,0,0,0,0,0,0,0,0,0,0,0,0,0,0,0,0,0,0,102,34,0,0,611949776,0,0,0,0,0,0,0,0,0,0,0,0,0,0,0,0,0,0,0,0,0,0,0,317455,0,0,0,0,0,12324,0,0,0,0,0,0,0,277145942781,0,0,0,0,0,0,0,0,0,949165,0,0,0,0,2426407664,0,9985,0,0,0,0,0,0,0,0,0,92241738964,0,264319,0,1298351,55807376226,0,0,0,0,0,0,0,0,0,0,0,0,0,0,0,0,0,0,0,0,0,0,0,0,0,0,0,0,0,0,0,1664352,0,0,0,0,76493722,0,0,0,0
5,0,0,0,0,0,0,0,0,0,0,0,0,0,0,0,0,0,0,0,0,0,0,0,0,0,0,0,0,0,0,0,0,0,0,0,0,0,0,0,0,0,0,0,0,0,0,0,0,0,0,0,0,0,0,0,0,0,0,0,0,0,0,0,0,0,0,0,0,0,0,0,0,0,0,0,0,0,0,0,0,0,0,0,0,0,0,0,0,755788485,0,0,0,0,0,0,0,0,0,0,0,0,0,0,0,0,7,0,0,0,0,0,0,0,0,302799835,0,0,0,0,0,0,0,71,0,0,0,0,0,0,0,0,0,0,0,0,0,0,0,0,0,85033,0,0,0,0,0,0,0,0,9308,0,0,958318,0,254411,0,0,0,0,0,0,0,0,0,0,0,0,150,0,12018278198,0,68,0,2,0,0,0,0,0,0,0,0,0,0,0,0,0,0,0,0,0,0,9635178116,0,0,0,0,0,0,0,0,0,0,0,0,0,0,0,0,0,0,0,0,0,0,0,0,0,0,0,64348512107,0,0,0,0,0,0,0,0,0,0,0,68,0,0,0,0,0,0,0,0,0,0,0,0,80,943140,0,0,24280,0,0,0,0,0,0,0,0,0,0,0,0,0,0,0,0,12078,0,0,0,0,0,0,0,0,0,0,0,0,0,0,0,0,0,0,0,0,0,0,0,0,0,0,0,0,0,0,0,0,0,0,45342419459,0,0,0,0,0,179408,0,0,0,0,0,0,0,0,11,0,0,0,1044,0,0,0,0,0,0,108,0,0,166,0,0,0,0,0,115861,0,2519177,0,0,0,0,0,2496,0,0,0,0,0,0,0,0,0,0,0,0,0,0,0,0,0,0,2631328,0,0,10647,0,0,7179195941,0,3461192,0,0,0,0,150,0,0,0,0,34,0,0,0,0,0,0,0,0,2380481928,52370,15,0,0,9,0,0,0,0,0,0,0,0,0,0,0,0,0,0,0,0,0,0,0,0,0,0,0,0,0,0,0,0,0,0,0,0,0,0,0,0,0,0,0,102,34,0,0,603989616,0,0,0,0,0,0,0,0,0,0,0,0,0,0,0,0,0,0,0,0,0,0,0,317456,0,0,0,0,0,12078,0,0,0,0,0,0,0,271903440881,0,0,0,58,0,0,0,0,0,1008337,0,0,0,0,2380481927,0,13023,0,0,0,2,0,0,0,0,0,90496063066,0,278584,29,1370416,54751084146,0,0,0,0,0,0,0,0,0,0,0,0,0,0,0,0,0,0,0,0,0,0,0,0,0,0,0,0,0,0,0,1767892,0,0,0,0,75498702,0,0,0,0
6,0,0,0,0,0,0,0,0,0,0,0,0,0,0,0,0,0,0,0,0,0,0,0,0,0,0,0,0,0,0,0,0,0,0,0,0,0,0,0,0,0,0,0,0,0,0,0,0,0,0,0,0,0,0,0,0,0,0,0,0,0,0,0,0,0,0,0,0,0,0,0,0,0,0,0,0,0,0,0,0,0,0,0,0,0,0,0,0,765741668,0,0,0,0,0,0,0,16,0,0,0,0,0,0,0,0,11,0,0,0,0,0,0,0,0,306782130,0,0,0,0,0,0,0,68,0,0,0,0,0,0,0,0,0,0,0,0,0,0,0,0,0,85644,0,0,0,0,0,0,0,0,9366,0,0,1041743,0,275371,0,0,0,0,0,0,0,0,0,0,0,0,307,0,12090412220,0,68,0,6,0,0,0,0,0,0,0,0,0,0,0,0,0,0,0,0,0,0,9693015948,0,0,0,0,0,0,0,0,0,0,0,0,0,0,0,0,0,0,0,0,0,0,0,0,0,0,0,64729832823,0,0,0,0,0,0,0,0,0,0,0,68,0,0,0,0,0,0,0,0,0,0,0,0,180,1026564,0,0,24405,0,0,0,0,0,0,0,0,0,0,0,0,0,0,0,0,12153,0,0,0,0,0,0,0,0,0,0,0,0,0,0,0,0,0,0,0,0,0,0,0,0,0,0,0,0,0,0,0,0,0,0,45611549776,0,0,0,0,0,181377,0,0,0,0,0,0,0,0,2,0,0,0,1416,0,0,0,0,0,0,172,0,0,197,0,0,0,0,0,111742,0,2728658,0,0,0,0,0,2416,0,0,0,0,0,0,0,0,0,0,0,0,0,0,0,0,0,0,2860753,0,0,11166,0,0,7221952112,0,3754156,0,0,0,0,383,0,0,0,0,68,0,0,0,0,0,0,0,0,2394568035,52662,0,0,0,0,0,0,0,0,0,0,0,0,0,0,0,0,0,0,0,0,0,0,0,0,0,0,0,0,0,0,0,0,0,0,0,0,0,0,0,0,0,0,0,204,68,0,0,611952096,0,0,0,0,0,0,0,0,0,0,0,0,0,0,0,0,0,0,0,0,0,0,0,317418,0,0,0,0,0,12153,0,0,0,0,0,0,0,273516227099,0,0,0,5,0,0,0,0,0,1092166,0,0,0,0,2394568051,0,12587,0,0,0,6,0,0,0,0,0,91031833266,0,299697,0,1475898,55075064805,0,0,0,0,0,0,0,0,0,0,0,0,0,0,0,0,0,0,0,0,0,0,0,0,0,0,0,0,0,0,0,1914528,0,0,0,0,76494028,0,0,0,0
7,0,0,0,0,0,0,0,0,0,0,0,0,0,0,0,0,0,0,0,0,0,0,0,0,0,0,0,0,0,0,0,0,0,0,0,0,0,0,0,0,0,0,0,0,0,0,0,0,0,0,0,0,0,0,0,0,0,0,0,0,0,0,0,0,0,0,0,0,0,0,0,0,0,0,0,0,0,0,0,0,0,0,0,0,0,0,0,0,765734833,0,0,0,0,0,0,0,0,0,0,0,0,0,0,0,0,3,0,0,0,0,0,0,0,0,306778910,0,0,0,0,0,0,0,72,0,0,0,0,0,0,0,0,0,0,0,0,0,0,0,0,0,87937,0,0,0,0,0,0,0,0,9711,0,0,1160792,0,305735,0,0,0,0,0,0,0,0,0,0,0,0,95,0,12545081452,0,68,0,2,0,0,0,0,0,0,0,0,0,0,0,0,0,0,0,0,0,0,10056506730,0,0,0,0,0,0,0,0,0,0,0,0,0,0,0,0,0,0,0,0,0,0,0,0,0,0,0,67183402311,0,0,0,0,0,0,0,0,0,0,0,68,0,0,0,0,0,0,0,0,0,0,0,0,50,1145116,0,0,25272,0,0,0,0,0,0,0,0,0,0,0,0,0,0,0,0,12599,0,0,0,0,0,0,0,0,0,0,0,0,0,0,0,0,0,0,0,0,0,0,0,0,0,0,0,0,0,0,0,0,0,0,47338134255,0,0,0,0,0,185943,0,0,0,0,0,0,0,0,4,0,0,0,718,0,0,0,0,0,0,82,0,0,187,0,0,0,0,0,124901,0,3031074,0,0,0,0,0,2552,0,0,0,0,0,0,0,0,0,0,0,0,0,0,0,0,0,0,3188353,0,0,10686,0,0,7494570648,0,4174989,0,0,0,0,178,0,0,0,0,68,0,0,0,0,0,0,0,0,2485441016,54507,58,0,0,7,0,0,0,0,0,0,0,0,0,0,0,0,0,0,0,0,0,0,0,0,0,0,0,0,0,0,0,0,0,0,0,0,0,0,0,0,0,0,0,204,68,0,0,611945296,0,0,0,0,0,0,0,0,0,0,0,0,0,0,0,0,0,0,0,0,0,0,0,317467,0,0,0,0,0,12599,0,0,0,0,0,0,0,283875740724,0,0,0,47,0,0,0,0,0,1213135,0,0,0,0,2485441016,0,15669,0,0,0,2,0,0,0,0,0,94485005818,0,330945,69,1630875,57165143179,0,0,0,0,0,0,0,0,0,0,0,0,0,0,0,0,0,0,0,0,0,0,0,0,0,0,0,0,0,0,0,2126568,0,0,0,0,76493162,0,0,0,0
8,0,0,0,0,0,0,0,0,0,0,0,0,0,0,0,0,0,0,0,0,0,0,0,0,0,0,0,0,0,0,0,0,0,0,0,0,0,0,0,0,0,0,0,0,0,0,0,0,0,0,0,0,0,0,0,0,0,0,0,0,0,0,0,0,0,0,0,0,0,0,0,0,0,0,0,0,0,0,0,0,0,0,0,0,0,0,0,0,754213777,0,0,0,0,0,0,0,0,0,0,0,0,0,0,0,0,6,0,0,0,0,0,0,0,0,302169547,0,0,0,0,0,0,0,34,0,0,0,0,0,0,0,0,0,0,0,0,0,0,0,0,0,84995,0,0,0,0,0,0,0,0,9322,0,0,1191448,0,312729,0,0,0,0,0,0,0,0,0,0,0,0,153,0,12038135845,0,34,0,3,0,0,0,0,0,0,0,0,0,0,0,0,0,0,0,0,0,0,9650550508,0,0,0,0,0,0,0,0,0,0,0,0,0,0,0,0,0,0,0,0,0,0,0,0,0,0,0,64453712444,0,0,0,0,0,0,0,0,0,0,0,34,0,0,0,0,0,0,0,0,0,0,0,0,150,1176348,0,0,24301,0,0,0,0,0,0,0,0,0,0,0,0,0,0,0,0,12104,0,0,0,0,0,0,0,0,0,0,0,0,0,0,0,0,0,0,0,0,0,0,0,0,0,0,0,0,0,0,0,0,0,0,45416324171,0,0,0,0,0,179920,0,0,0,0,0,0,0,0,1,0,0,0,1076,0,0,0,0,0,0,108,0,0,140,0,0,0,0,0,109363,0,3102435,0,0,0,0,0,2554,0,0,0,0,0,0,0,0,0,0,0,0,0,0,0,0,0,0,3272560,0,0,10943,0,0,7190823639,0,4277682,0,0,0,0,244,0,0,0,0,34,0,0,0,0,0,0,0,0,2384384059,52443,0,0,0,0,0,0,0,0,0,0,0,0,0,0,0,0,0,0,0,0,0,0,0,0,0,0,0,0,0,0,0,0,0,0,0,0,0,0,0,0,0,0,0,102,34,0,0,602730384,0,0,0,0,0,0,0,0,0,0,0,0,0,0,0,0,0,0,0,0,0,0,0,317219,0,0,0,0,0,12104,0,0,0,0,0,0,0,272347182667,0,0,0,9,0,0,0,0,0,1241650,0,0,0,0,2384384068,0,11573,0,0,0,3,0,0,0,0,0,90644265668,0,336956,2,1662360,54840833357,0,0,0,0,0,0,0,0,0,0,0,0,0,0,0,0,0,0,0,0,0,0,0,0,0,0,0,0,0,0,0,2176109,0,0,0,0,75341298,0,0,0,0
9,0,0,0,0,0,0,0,0,0,0,0,0,0,0,0,0,0,0,0,0,0,0,0,0,0,0,0,0,0,0,0,0,0,0,0,0,0,0,0,0,0,0,0,0,0,0,0,0,0,0,0,0,0,0,0,0,0,0,0,0,0,0,0,0,0,0,0,0,0,0,0,0,0,0,0,0,0,0,0,0,0,0,0,0,0,0,0,0,765762304,0,0,0,0,0,0,0,0,0,0,0,0,0,0,0,0,62,0,0,0,0,0,0,0,0,306807108,0,0,0,0,0,0,0,103,0,0,0,0,0,0,0,0,0,0,0,0,0,0,0,0,0,92317,0,0,0,0,0,0,0,0,9379,0,0,1277161,0,334129,0,0,0,0,0,0,0,0,0,0,0,0,1351,0,12108693354,0,102,0,50,0,0,0,0,0,0,0,0,0,0,0,0,0,0,0,0,0,0,9707164956,0,0,0,0,0,0,0,0,0,0,0,0,0,0,0,0,0,0,0,0,0,0,0,0,0,0,0,64825319983,0,0,0,0,0,0,0,0,0,0,0,68,0,0,0,0,0,0,0,0,0,0,0,0,871,1261496,0,0,24674,0,0,0,0,0,0,0,0,0,0,0,0,0,0,0,0,12180,0,0,0,0,0,0,0,0,0,0,0,0,0,0,0,0,0,0,0,0,0,0,0,0,0,0,0,0,0,0,0,0,0,0,45678758947,0,0,0,0,0,198407,0,0,0,0,0,0,0,0,15,0,0,0,6848,0,0,0,0,0,0,788,0,0,1113,0,0,0,0,0,147661,0,3316656,0,0,0,0,0,2500,0,0,0,0,0,0,0,0,0,0,0,0,0,0,0,0,0,0,3507330,0,0,17346,0,0,7232562617,0,4577004,0,0,0,0,1677,0,0,0,0,68,0,0,0,0,0,0,0,0,2398104519,53178,0,0,0,0,0,0,0,0,0,0,0,0,0,0,0,0,0,0,0,0,0,0,0,0,0,0,0,0,0,0,0,0,0,0,0,0,0,0,0,0,0,0,0,204,68,0,0,611968592,0,0,0,0,0,0,0,0,0,0,0,0,0,0,0,0,0,0,0,0,0,0,0,317474,0,0,0,0,0,12180,0,0,0,0,0,0,0,273919400636,0,0,0,24,0,0,0,0,0,1327231,0,0,0,0,2398104593,0,24343,0,0,0,50,0,0,0,0,0,91166220692,0,358514,10,1771322,55156403937,0,0,0,0,0,0,0,0,0,0,0,0,0,0,0,0,0,0,0,0,0,0,0,0,0,0,0,14,0,0,0,2325863,0,0,0,0,76496074,0,0,0,0
